[{"_id":1,"imdb":"nm1989536","name":"Marc Webb"},{"_id":2,"imdb":"nm0001382","name":"Peter Hyams"},{"_id":3,"imdb":"nm0004410","name":"Mark Neveldine"},{"_id":4,"imdb":"nm0962729","name":"Brian Taylor"},{"_id":5,"imdb":"nm0001241","name":"Stephen Frears"},{"_id":6,"imdb":"nm0662529","name":"Oliver Parker"},{"_id":7,"imdb":"nm0000233","name":"Quentin Tarantino"},{"_id":8,"imdb":"nm0000142","name":"Clint Eastwood"},{"_id":9,"imdb":"nm0001188","name":"Nora Ephron"},{"_id":10,"imdb":"nm0000264","name":"Pedro Almodovar"},{"_id":11,"imdb":"nm0000641","name":"Gary Sinise"},{"_id":12,"imdb":"nm0030735","name":"Nimród Antal"},{"_id":13,"imdb":"nm3692009","name":"?nan Temelkuran"},{"_id":14,"imdb":"nm0284774","name":"Anne Fontaine"},{"_id":15,"imdb":"nm2896395","name":"Levent Semerci"},{"_id":16,"imdb":"nm0230032","name":"Pete Docter"},{"_id":17,"imdb":"nm0784061","name":"Dominic Sena"},{"_id":18,"imdb":"nm0777881","name":"Robert Schwentke"},{"_id":19,"imdb":"nm0000095","name":"Woody Allen"},{"_id":20,"imdb":"nm0299621","name":"Max Färberböck"},{"_id":21,"imdb":"nm0281508","name":"Ruben Fleischer"},{"_id":22,"imdb":"nm0915814","name":"Blayne Weaver"},{"_id":23,"imdb":"nm0811583","name":"Zack Snyder"},{"_id":24,"imdb":"nm0001707","name":"Paul Schrader"},{"_id":25,"imdb":"nm0000165","name":"Ron Howard"},{"_id":26,"imdb":"nm0005222","name":"Sam Mendes"},{"_id":27,"imdb":"nm1380395","name":"Glendyn Ivin"},{"_id":28,"imdb":"nm0382956","name":"Scott Hicks"},{"_id":29,"imdb":"nm0527109","name":"Rod Lurie"},{"_id":30,"imdb":"nm0714599","name":"Eric Red"},{"_id":31,"imdb":"nm1470993","name":"Scott Mann"},{"_id":32,"imdb":"nm0836715","name":"Philipp Stölzl"},{"_id":33,"imdb":"nm0001053","name":"Ethan Coen"},{"_id":34,"imdb":"nm0001054","name":"Joel Coen"},{"_id":35,"imdb":"nm0340436","name":"Kevin Greutert"},{"_id":36,"imdb":"nm0888418","name":"Marina de Van"},{"_id":37,"imdb":"nm0088955","name":"Neill Blomkamp"},{"_id":38,"imdb":"nm0431918","name":"Mike Judge"},{"_id":39,"imdb":"nm0386570","name":"Oliver Hirschbiegel"},{"_id":40,"imdb":"nm0946750","name":"Gary Yates"},{"_id":41,"imdb":"nm0281945","name":"Anne Fletcher"},{"_id":42,"imdb":"nm1369721","name":"Emily Young"},{"_id":43,"imdb":"nm0264236","name":"Richard Eyre"},{"_id":44,"imdb":"nm0107366","name":"Neal Brennan"},{"_id":45,"imdb":"nm0680846","name":"Todd Phillips"},{"_id":46,"imdb":"nm0000520","name":"Micheal Mann"},{"_id":47,"imdb":"nm0000750","name":"Jon Amiel"},{"_id":48,"imdb":"nm0619762","name":"Mira Nair"},{"_id":49,"imdb":"nm0294505","name":"Bart Freundlich"},{"_id":50,"imdb":"nm0119613","name":"Timothy Linh Bui"},{"_id":51,"imdb":"nm0381416","name":"Grant Heslov"},{"_id":52,"imdb":"nm0001005","name":"Jane Campion"},{"_id":53,"imdb":"nm0023355","name":"Christian Alvert"},{"_id":54,"imdb":"nm1754436","name":"Sophie Barthes"},{"_id":55,"imdb":"nm1512910","name":"Duncan Jones"},{"_id":56,"imdb":"nm0001281","name":"Bobcat Goldthwait"},{"_id":57,"imdb":"nm2305431","name":"Oren Peli"},{"_id":58,"imdb":"nm0531817","name":"Kevin Macdonald"},{"_id":59,"imdb":"nm0214320","name":"Andy DeEmmony"},{"_id":60,"imdb":"nm0426059","name":"Rian Johnson"},{"_id":61,"imdb":"nm0518644","name":"Richard Loncraine"},{"_id":62,"imdb":"nm0649117","name":"Niels Arden Oplev"},{"_id":63,"imdb":"nm0254178","name":"Adam Elliot"},{"_id":64,"imdb":"nm0000464","name":"Jim Jarmusch"},{"_id":65,"imdb":"nm0420422","name":"Christine Jeffs"},{"_id":66,"imdb":"nm0878638","name":"David Twohy"},{"_id":67,"imdb":"nm0001024","name":"Nick Cassavetes"},{"_id":68,"imdb":"nm0465551","name":"Martin Koolhoven"},{"_id":69,"imdb":"nm3360961","name":"Jorge Blanco"},{"_id":70,"imdb":"nm0541391","name":"Milcho Manchevski"},{"_id":71,"imdb":"nm0357453","name":"John Hamburg"},{"_id":72,"imdb":"nm0002948","name":"Costas Ferris"},{"_id":73,"imdb":"nm0393799","name":"Tom Hooper"},{"_id":74,"imdb":"nm0932882","name":"Paul Wilmshurst"},{"_id":75,"imdb":"nm0015359","name":"Fatih Akın"},{"_id":76,"imdb":"nm0040939","name":"Yvan Attal"},{"_id":77,"imdb":"nm0036349","name":"Andrea Arnold"},{"_id":78,"imdb":"nm0001752","name":"Steven Soderbergh"},{"_id":79,"imdb":"nm0006867","name":"John Kent Harrison"},{"_id":80,"imdb":"nm0772691","name":"Hans-Christian Schmid"},{"_id":81,"imdb":"nm0001486","name":"Sidney Lumet"},{"_id":82,"imdb":"nm1247462","name":"Christopher Smith"},{"_id":83,"imdb":"nm0836328","name":"John Sturges"},{"_id":84,"imdb":"nm0000386","name":"Roland Emmerich"},{"_id":85,"imdb":"nm0861899","name":"Jamie Thraves"},{"_id":86,"imdb":"nm3347823","name":"Vikram K. Kumar"},{"_id":87,"imdb":"nm0000697","name":"Billy Wilder"},{"_id":88,"imdb":"nm0001351","name":"George Roy Hill"},{"_id":89,"imdb":"nm0002728","name":"Juan José Campanella"},{"_id":90,"imdb":"nm0906667","name":"Andrzej Wajda"},{"_id":91,"imdb":"nm0000454","name":"Dennis Hopper"},{"_id":92,"imdb":"nm0609236","name":"Jonathan Mostow"},{"_id":93,"imdb":"nm0001415","name":"Elia Kazan"},{"_id":94,"imdb":"nm0000033","name":"Alfred Hitchcock"},{"_id":95,"imdb":"nm1104118","name":"Ki-duk Kim"},{"_id":96,"imdb":"nm0235066","name":"Gordon Douglas"},{"_id":97,"imdb":"nm0497565","name":"John H. Lee"},{"_id":98,"imdb":"nm1536497","name":"Hae-jun Lee"},{"_id":99,"imdb":"nm3312722","name":"Mahmut Fazıl Coşkun"},{"_id":100,"imdb":"nm1294961","name":"Michael Spierig"},{"_id":101,"imdb":"nm1294962","name":"Peter Spierig"},{"_id":102,"imdb":"nm0661791","name":"Chan-wook Park"},{"_id":103,"imdb":"nm0618779","name":"Ruba Nadda"},{"_id":104,"imdb":"nm0394114","name":"Ben Hopkins"},{"_id":105,"imdb":"nm3174775","name":"Louie Psihoyos"},{"_id":106,"imdb":"nm0689852","name":"John Polson"},{"_id":107,"imdb":"nm0002120","name":"Lasse Hallström"},{"_id":108,"imdb":"nm0001379","name":"John Huston"},{"_id":109,"imdb":"nm0003606","name":"Philippe de Broca"},{"_id":110,"imdb":"nm0001175","name":"Blake Edwards"},{"_id":111,"imdb":"nm0446819","name":"Richard Kelly"},{"_id":112,"imdb":"nm0428600","name":"Kirk Jones"},{"_id":113,"imdb":"nm2842549","name":"Jay DiPietro"},{"_id":114,"imdb":"nm0349406","name":"Sebastian Gutierrez"},{"_id":115,"imdb":"nm0000041","name":"Akira Kurosawa"},{"_id":116,"imdb":"nm1030706","name":"Jae-young Kwak"},{"_id":117,"imdb":"nm0002191","name":"Jacques Audiard"},{"_id":118,"imdb":"nm1767218","name":"Lee Toland Krieger"},{"_id":119,"imdb":"nm0718646","name":"Jason Reitman"},{"_id":120,"imdb":"nm0004654","name":"Nicolas Gessner"},{"_id":121,"imdb":"nm0336620","name":"F. Gary Gray"},{"_id":122,"imdb":"nm0551128","name":"Rob Marshall"},{"_id":123,"imdb":"nm0000941","name":"Kathryn Bigelow"},{"_id":124,"imdb":"m0942504","name":"Joe Wright"},{"_id":125,"imdb":"nm0024622","name":"Alejandro Amenábar"},{"_id":126,"imdb":"nm0225869","name":"Katherine Dieckmann"},{"_id":127,"imdb":"nm0001603","name":"Sam Peckinpah"},{"_id":128,"imdb":"nm0258784","name":"Yılmaz Erdoğan"},{"_id":129,"imdb":"nm0275277","name":"Shana Feste"},{"_id":130,"imdb":"nm0258732","name":"Reha Erdem"},{"_id":131,"imdb":"nm0438279","name":"Jonathan Kaplan"},{"_id":132,"imdb":"nm0000229","name":"Steven Spielberg"},{"_id":133,"imdb":"nm0000338","name":"Francis Ford Coppola"},{"_id":134,"imdb":"nm0240627","name":"Troy Duffy"},{"_id":135,"imdb":"nm0603628","name":"Pierre Morel"},{"_id":136,"imdb":"nm0001392","name":"Peter Jackson"},{"_id":137,"imdb":"nm0589182","name":"Rebecca Miller"},{"_id":138,"imdb":"nm0000416","name":"Terry Gilliam"},{"_id":139,"imdb":"nm0520488","name":"Phil Lord"},{"_id":140,"imdb":"nm0588087","name":"Chris Miller"},{"_id":141,"imdb":"nm0166256","name":"Ron Clements"},{"_id":142,"imdb":"nm0615780","name":"John Musker"},{"_id":143,"imdb":"nm0771054","name":"Lone Scherfig"},{"_id":144,"imdb":"nm0000116","name":"James Cameron"},{"_id":145,"imdb":"nm0200005","name":"Lee Daniels"},{"_id":146,"imdb":"nm0359387","name":"John Lee Hancock"},{"_id":147,"imdb":"nm0919363","name":"Chris Weitz"},{"_id":148,"imdb":"nm0027572","name":"Wes Anderson"},{"_id":149,"imdb":"nm0005363","name":"Guy Ritchie"},{"_id":150,"imdb":"nm0001814","name":"Gus Van Sant"},{"_id":151,"imdb":"nm0384825","name":"John Hillcoat"},{"_id":152,"imdb":"nm0954500","name":"Petr Zelenka"},{"_id":153,"imdb":"nm1729303","name":"Marcus Dunstan"},{"_id":154,"imdb":"nm0006498","name":"Majid Majidi"},{"_id":155,"imdb":"nm0490487","name":"Wai-keung Lau"},{"_id":156,"imdb":"nm0625789","name":"Tim Blake Nelson"},{"_id":157,"imdb":"nm0000361","name":"Brian De Palma"},{"_id":158,"imdb":"nm0006476","name":"Paul McGuigan"},{"_id":159,"imdb":"nm0590813","name":"Gilles Mimouni"},{"_id":160,"imdb":"nm0298807","name":"Antoine Fuqua"},{"_id":161,"imdb":"nm0932216","name":"Nick Willing"},{"_id":162,"imdb":"nm0006904","name":"Tony Gilroy"},{"_id":163,"imdb":"nm2905562","name":"Daniel Barber"},{"_id":164,"imdb":"nm1367933","name":"Yann Samuel"},{"_id":165,"imdb":"nm0824220","name":"Peter Stebbings"},{"_id":166,"imdb":"nm0132709","name":"Martin Campbell"},{"_id":167,"imdb":"nm0132709","name":"Mark Waters"},{"_id":168,"imdb":"nm0939182","name":"Kar Wai Wong"},{"_id":169,"imdb":"nm0006487","name":"Jim Sheridan"},{"_id":170,"imdb":"nm0178376","name":"Scott Cooper"},{"_id":171,"imdb":"nm0000217","name":"Martin Scorsese"},{"_id":172,"imdb":"nm0218547","name":"Zeki Demirkubuz"},{"_id":173,"imdb":"nm0359734","name":"Michael Haneke"},{"_id":174,"imdb":"nm1189816","name":"Kamen Kalev"},{"_id":175,"imdb":"nm0462895","name":"David Koepp"},{"_id":176,"imdb":"nm0001081","name":"Cameron Crowe"},{"_id":177,"imdb":"nm1393530","name":"Ivan Engler"},{"_id":178,"imdb":"nm0689081","name":"Stephen Poliakoff"},{"_id":179,"imdb":"nm0804556","name":"Kari Skogland"},{"_id":180,"imdb":"nm1302591","name":"Michael Sucsy"},{"_id":181,"imdb":"nm0855035","name":"Andy Tennant"},{"_id":182,"imdb":"nm1533201","name":"Durul Taylan"},{"_id":183,"imdb":"nm0000485","name":"Fritz Lang"},{"_id":184,"imdb":"nm1413443","name":"Samuel Maoz"},{"_id":185,"imdb":"nm0946734","name":"David Yates"},{"_id":186,"imdb":"nm0468995","name":"Damjan Kozole"},{"_id":187,"imdb":"nm0827459","name":"Igor Sterk"},{"_id":188,"imdb":"nm0000694","name":"Wim Wenders"},{"_id":189,"imdb":"nm2459703","name":"Chandler Tuttle"},{"_id":190,"imdb":"nm0144023","name":"Zoe R. Cassavetes"},{"_id":191,"imdb":"nm0001837","name":"Peter Weir"},{"_id":192,"imdb":"nm0851724","name":"Bertrand Tavernier"},{"_id":193,"imdb":"nm0385644","name":"Cheryl Hines"},{"_id":194,"imdb":"nm0917188","name":"Chris Wedge"},{"_id":195,"imdb":"nm0757858","name":"Carlos Saldanha"},{"_id":196,"imdb":"nm3321297","name":"Giuseppe Capotondi"},{"_id":197,"imdb":"nm1053530","name":"Tom Ford"},{"_id":198,"imdb":"nm0779386","name":"Jordan Scott"},{"_id":199,"imdb":"nm1231757","name":"Noah Buschel"},{"_id":200,"imdb":"nm0583600","name":"Nancy Meyers"},{"_id":201,"imdb":"nm0891114","name":"Tom Vaughan"},{"_id":202,"imdb":"nm0875793","name":"Anand Tucker"},{"_id":203,"imdb":"nm0939993","name":"Sam Taylor Wood"},{"_id":204,"imdb":"nm0814716","name":"Ömer Faruk Sorak"},{"_id":205,"imdb":"nm3213296","name":"Özcan Alper"},{"_id":206,"imdb":"nm0005190","name":"Garry Marshall"},{"_id":207,"imdb":"nm0181902","name":"George P. Cosmatos"},{"_id":208,"imdb":"nm0868153","name":"Giuseppe Toprnatore"},{"_id":209,"imdb":"nm0275629","name":"Glenn Ficarra"},{"_id":210,"imdb":"nm0720135","name":"John Requa"},{"_id":211,"imdb":"nm0001469","name":"Barry Levinson"},{"_id":212,"imdb":"nm0607831","name":"Koen Morties"},{"_id":213,"imdb":"nm0948159","name":"Wilson Yip"},{"_id":214,"imdb":"nm0000318","name":"Tim Burton"},{"_id":215,"imdb":"nm0000382","name":"Atom Egoyan"},{"_id":216,"imdb":"nm0170043","name":"Isabel Coixet"},{"_id":217,"imdb":"nm0161056","name":"Pavel Chukhraj"},{"_id":218,"imdb":"nm3773770","name":"Ketche"},{"_id":219,"imdb":"nm0515101","name":"Zülfü Livaneli"},{"_id":220,"imdb":"nm0000600","name":"Sam Raimi"},{"_id":221,"imdb":"nm0329023","name":"Brian Goodman"},{"_id":222,"imdb":"nm0056725","name":"Christophe Barratier"},{"_id":223,"imdb":"nm0001945","name":"Claude Berri"},{"_id":224,"imdb":"nm1560977","name":"Cary Fukunaga"},{"_id":225,"imdb":"nm0304879","name":"Jesus Garay"},{"_id":226,"imdb":"nm2079185","name":"İlksen Başarır"},{"_id":227,"imdb":"nm0400436","name":"Albert Hughes"},{"_id":228,"imdb":"nm0400441","name":"Allen Hughes"},{"_id":229,"imdb":"nm0466153","name":"Hirokazu Koreeda"},{"_id":230,"imdb":"nm0457565","name":"Ryûhei Kitamura"},{"_id":231,"imdb":"nm0437526","name":"Shusuke Kaneko"},{"_id":232,"imdb":"nm0429964","name":"Gregor Jordan"},{"_id":241,"imdb":"nm0593610","name":"Mike Mitchell"},{"_id":242,"imdb":"nm0001338","name":"Brian Helgeland"},{"_id":243,"imdb":"nm0001338","name":"Brian Helgeland"},{"_id":244,"imdb":"nm0001338","name":"Brian Helgeland"}]