[{"name":"Comedy","_id":1},{"name":"Drama","_id":2},{"name":"Romance","_id":3},{"name":"Mystery","_id":4},{"name":"Action","_id":5},{"name":"Sci-Fi","_id":6},{"name":"Thriller","_id":7},{"name":"War","_id":8},{"name":"Biography","_id":9},{"name":"History","_id":10},{"name":"Adventure","_id":11},{"name":"Animation","_id":12},{"name":"Family","_id":13},{"name":"Crime","_id":14},{"name":"Horror","_id":15},{"name":"Sport","_id":16},{"name":"Fantasy","_id":17},{"name":"Music","_id":18},{"name":"Film-Noir","_id":19},{"name":"Western","_id":20},{"name":"Documentary","_id":21},{"name":"Musical","_id":22}]