[{"directors":[{"id":1}],"genres":[{"id":1},{"id":2},{"id":3}],"imdb":"tt1022603","_id":1,"title":"500 Days Of Summer","year":2007},{"directors":[{"id":2}],"genres":[{"id":2},{"id":4}],"imdb":"tt1183251","_id":2,"title":"Beyond a Reasonable Doubt","year":2009},{"directors":[{"id":3},{"id":4}],"genres":[{"id":5},{"id":6},{"id":7}],"imdb":"tt1034032","_id":3,"title":"Gamer","year":2009},{"directors":[{"id":5}],"genres":[{"id":2},{"id":3}],"imdb":"tt1179258","_id":4,"title":"Cheri","year":2009},{"directors":[{"id":6}],"genres":[{"id":2}],"imdb":"tt1235124","_id":5,"title":"Dorian Gray","year":2009},{"directors":[{"id":7}],"genres":[{"id":2},{"id":8}],"imdb":"tt0361748","_id":6,"title":"Inglourious Basterds","year":2009},{"directors":[{"id":8}],"genres":[{"id":9},{"id":2},{"id":10}],"imdb":"tt1057500","_id":7,"title":"Invictus","year":2009},{"directors":[{"id":9}],"genres":[{"id":9},{"id":2},{"id":1},{"id":3}],"imdb":"tt1135503","_id":8,"title":"Julie and Julia","year":2009},{"directors":[{"id":10}],"genres":[{"id":2},{"id":7},{"id":3}],"imdb":"tt0913425","_id":9,"title":"Los abrazos rotos","year":2009},{"directors":[{"id":11}],"genres":[{"id":2}],"imdb":"tt0105046","_id":10,"title":"Of Mice and Men","year":1992},{"directors":[{"id":12}],"genres":[{"id":5},{"id":2},{"id":7}],"imdb":"tt0913354","_id":11,"title":"Armored","year":2009},{"directors":[{"id":13}],"genres":[{"id":2}],"imdb":"tt1548542","_id":12,"title":"Bornova Bornova","year":2009},{"directors":[{"id":14}],"genres":[{"id":9},{"id":2}],"imdb":"tt1035736","_id":13,"title":"Coco avant Chanel","year":2009},{"directors":[{"id":15}],"genres":[{"id":5},{"id":11},{"id":2},{"id":8}],"imdb":"tt1171701","_id":14,"title":"Nefes: Vatan sa?olsun","year":2009},{"directors":[{"id":16}],"genres":[{"id":12},{"id":11},{"id":1},{"id":13}],"imdb":"tt1049413","_id":15,"title":"Up","year":2009},{"directors":[{"id":17}],"genres":[{"id":5},{"id":14},{"id":2},{"id":4}],"imdb":"tt0365929","_id":16,"title":"Whiteout","year":2009},{"directors":[{"id":18}],"genres":[{"id":2},{"id":6},{"id":3}],"imdb":"tt0452694","_id":17,"title":"The Time Travelers Wife","year":2009},{"directors":[{"id":19}],"genres":[{"id":1},{"id":3}],"imdb":"tt1178663","_id":18,"title":"Whatever Works","year":2009},{"directors":[{"id":20}],"genres":[{"id":2},{"id":8}],"imdb":"tt1035730","_id":19,"title":"Anonyma - Eine Frau in Berlin","year":2009},{"directors":[{"id":21}],"genres":[{"id":5},{"id":1},{"id":15}],"imdb":"tt1156398","_id":20,"title":"Zombieland","year":2009},{"directors":[{"id":22}],"genres":[{"id":1}],"imdb":"tt1085515","_id":21,"title":"Weather Girl","year":2009},{"directors":[{"id":23}],"genres":[{"id":5},{"id":2},{"id":4},{"id":6},{"id":7}],"imdb":"tt0409459","_id":22,"title":"Watchmen","year":2009},{"directors":[{"id":24}],"genres":[{"id":2},{"id":8}],"imdb":"tt0479341","_id":23,"title":"Adam Resurrected","year":2008},{"directors":[{"id":25}],"genres":[{"id":4},{"id":7}],"imdb":"tt0808151","_id":24,"title":"Angels and Deamons","year":2009},{"directors":[{"id":26}],"genres":[{"id":1},{"id":2}],"imdb":"tt1176740","_id":25,"title":"Away We Go","year":2009},{"directors":[{"id":27}],"genres":[{"id":2}],"imdb":"tt1235142","_id":26,"title":"Last Ride","year":2009},{"directors":[{"id":28}],"genres":[{"id":2}],"imdb":"tt0926380","_id":27,"title":"The Boys Are Back","year":2009},{"directors":[{"id":29}],"genres":[{"id":2},{"id":7}],"imdb":"tt1073241","_id":28,"title":"Nothing But the Truth","year":2008},{"directors":[{"id":30}],"genres":[{"id":15},{"id":7}],"imdb":"tt0899128","_id":29,"title":"100 Feet","year":2008},{"directors":[{"id":31}],"genres":[{"id":5}],"imdb":"tt0471041","_id":30,"title":"The Tournament","year":2009},{"directors":[{"id":32}],"genres":[{"id":11},{"id":2},{"id":10},{"id":16}],"imdb":"tt0844457","_id":31,"title":"Nordwand","year":2008},{"directors":[{"id":33},{"id":34}],"genres":[{"id":1},{"id":2}],"imdb":"tt1019452","_id":32,"title":"A Serious Man","year":2009},{"directors":[{"id":35}],"genres":[{"id":14},{"id":15},{"id":4},{"id":7}],"imdb":"tt1233227","_id":33,"title":"Saw VI","year":2009},{"directors":[{"id":36}],"genres":[{"id":2}],"imdb":"tt1075113","_id":34,"title":"Ne te retourne pas","year":2009},{"directors":[{"id":37}],"genres":[{"id":5},{"id":2},{"id":6},{"id":7}],"imdb":"tt1136608","_id":35,"title":"District 9","year":2009},{"directors":[{"id":38}],"genres":[{"id":1}],"imdb":"tt1225822","_id":36,"title":"Extract","year":2009},{"directors":[{"id":39}],"genres":[{"id":2},{"id":14},{"id":7}],"imdb":"tt1238291","_id":37,"title":"Five Minutes of Haven","year":2009},{"directors":[{"id":40}],"genres":[{"id":1},{"id":2}],"imdb":"tt1143110","_id":38,"title":"High Life","year":2009},{"directors":[{"id":41}],"genres":[{"id":1},{"id":2},{"id":3}],"imdb":"tt1041829","_id":39,"title":"The Proposal","year":2009},{"directors":[{"id":42}],"genres":[{"id":2}],"imdb":"tt1068678","_id":40,"title":"Veronika Decides to Die","year":2009},{"directors":[{"id":43}],"genres":[{"id":2}],"imdb":"tt0974613","_id":41,"title":"The Other Man","year":2008},{"directors":[{"id":44}],"genres":[{"id":1}],"imdb":"tt1092633","_id":42,"title":"The Goods: Live Hard, Sell Hard","year":2009},{"directors":[{"id":45}],"genres":[{"id":11},{"id":1},{"id":14}],"imdb":"tt1119646","_id":43,"title":"The Hangover","year":2009},{"directors":[{"id":46}],"genres":[{"id":9},{"id":14},{"id":2},{"id":10},{"id":7}],"imdb":"tt1152836","_id":44,"title":"Public Enemies","year":2009},{"directors":[{"id":47}],"genres":[{"id":9},{"id":2}],"imdb":"tt0974014","_id":45,"title":"Creation","year":2009},{"directors":[{"id":48}],"genres":[{"id":9},{"id":2}],"imdb":"tt1129445","_id":46,"title":"Amelia","year":2009},{"directors":[{"id":49}],"genres":[{"id":1},{"id":3}],"imdb":"tt1205535","_id":47,"title":"The Rebound","year":2009},{"directors":[{"id":50}],"genres":[{"id":2}],"imdb":"tt1032819","_id":48,"title":"Powder Blue","year":2009},{"directors":[{"id":51}],"genres":[{"id":1},{"id":8}],"imdb":"tt1234548","_id":49,"title":"The Men Who Stare at Goats","year":2009},{"directors":[{"id":52}],"genres":[{"id":9},{"id":2},{"id":3}],"imdb":"tt0810784","_id":50,"title":"Bright Star","year":2009},{"directors":[{"id":53}],"genres":[{"id":15},{"id":7}],"imdb":"tt0795351","_id":51,"title":"Case 39","year":2009},{"directors":[{"id":54}],"genres":[{"id":1},{"id":2}],"imdb":"tt1127877","_id":52,"title":"Cold Souls","year":2009},{"directors":[{"id":55}],"genres":[{"id":2},{"id":4},{"id":6},{"id":7}],"imdb":"tt1182345","_id":53,"title":"Moon","year":2009},{"directors":[{"id":56}],"genres":[{"id":1},{"id":2}],"imdb":"tt1262981","_id":54,"title":"Worlds Greatest Dad","year":2009},{"directors":[{"id":57}],"genres":[{"id":15},{"id":7}],"imdb":"tt1179904","_id":55,"title":"Paranormal Activity","year":2007},{"directors":[{"id":58}],"genres":[{"id":2},{"id":4},{"id":7}],"imdb":"tt0473705","_id":56,"title":"State of Play","year":2009},{"directors":[{"id":59}],"genres":[{"id":2}],"imdb":"tt1173494","_id":57,"title":"God on Trial","year":2008},{"directors":[{"id":60}],"genres":[{"id":11},{"id":1},{"id":14},{"id":2},{"id":3}],"imdb":"tt0844286","_id":58,"title":"The Brothers Bloom","year":2009},{"directors":[{"id":61}],"genres":[{"id":1},{"id":2}],"imdb":"tt1185431","_id":59,"title":"My One and Only","year":2009},{"directors":[{"id":62}],"genres":[{"id":14},{"id":4},{"id":7}],"imdb":"tt1132620","_id":60,"title":"Män Som Hatar Kvinnor","year":2009},{"directors":[{"id":63}],"genres":[{"id":12},{"id":1},{"id":2}],"imdb":"tt0978762","_id":61,"title":"Mary and Max","year":2009},{"directors":[{"id":64}],"genres":[{"id":14},{"id":2},{"id":7}],"imdb":"tt0978762","_id":62,"title":"The Limits of Control","year":2009},{"directors":[{"id":65}],"genres":[{"id":1},{"id":2}],"imdb":"tt0862846","_id":63,"title":"Sunshine Cleaning","year":2008},{"directors":[{"id":66}],"genres":[{"id":2},{"id":15},{"id":4},{"id":7}],"imdb":"tt0971209","_id":64,"title":"A Perfect Getaway","year":2009},{"directors":[{"id":67}],"genres":[{"id":2}],"imdb":"tt1078588","_id":65,"title":"My Sisters Keeper","year":2009},{"directors":[{"id":68}],"genres":[{"id":2},{"id":10},{"id":8}],"imdb":"tt0795441","_id":66,"title":"Oorlogswinter","year":2008},{"directors":[{"id":69}],"genres":[{"id":12},{"id":11},{"id":1},{"id":13},{"id":17}],"imdb":"tt0762125","_id":67,"title":"Planet 51","year":2009},{"directors":[{"id":70}],"genres":[{"id":2},{"id":8}],"imdb":"tt0110882","_id":68,"title":"Before the Rain","year":1994},{"directors":[{"id":71}],"genres":[{"id":1},{"id":3}],"imdb":"tt1155056","_id":69,"title":"I Love You, Man","year":2009},{"directors":[{"id":72},{"id":48}],"genres":[{"id":9},{"id":2},{"id":10},{"id":18},{"id":8},{"id":9},{"id":2},{"id":2},{"id":9},{"id":9},{"id":2},{"id":2},{"id":9},{"id":2},{"id":9},{"id":2},{"id":9},{"id":9},{"id":2},{"id":2},{"id":9},{"id":2},{"id":9},{"id":2},{"id":9}],"imdb":"tt0086182","_id":70,"title":"Rembetiko","year":1983},{"directors":[],"genres":[],"imdb":"tt1129445","_id":71,"title":"Amelia","year":2009},{"directors":[{"id":73}],"genres":[{"id":9},{"id":2},{"id":16}],"imdb":"tt1226271","_id":72,"title":"The Damned United","year":2009},{"directors":[{"id":74}],"genres":[{"id":10}],"imdb":"tt0475296","_id":73,"title":"Hiroshima","year":2005},{"directors":[{"id":75},{"id":76}],"genres":[{"id":2},{"id":3}],"imdb":"tt0808399","_id":74,"title":"New York, I Love You","year":2009},{"directors":[{"id":77}],"genres":[{"id":2}],"imdb":"tt1232776","_id":75,"title":"Fish Tank","year":2009},{"directors":[{"id":78}],"genres":[{"id":1},{"id":14},{"id":2},{"id":7}],"imdb":"tt1130080","_id":76,"title":"The Informant!","year":2009},{"directors":[{"id":79}],"genres":[{"id":9},{"id":2}],"imdb":"tt1010278","_id":77,"title":"The Courageous Heart of Irena Sendler","year":2009},{"directors":[{"id":80}],"genres":[{"id":2}],"imdb":"tt0768239","_id":78,"title":"Storm","year":2009},{"directors":[{"id":81}],"genres":[{"id":14},{"id":2},{"id":7}],"imdb":"tt0292963","_id":79,"title":"Before the Devil Knows You are Dead","year":2007},{"directors":[{"id":82}],"genres":[{"id":15},{"id":4},{"id":7}],"imdb":"tt1187064","_id":80,"title":"Triangle","year":2009},{"directors":[{"id":83}],"genres":[{"id":5},{"id":11},{"id":2},{"id":7},{"id":8},{"id":15}],"imdb":"tt0057115","_id":81,"title":"The Great Escape","year":1963},{"directors":[{"id":84}],"genres":[{"id":5},{"id":11},{"id":2},{"id":6}],"imdb":"tt1190080","_id":82,"title":"2012","year":2009},{"directors":[{"id":85}],"genres":[{"id":2},{"id":7}],"imdb":"tt1034302","_id":83,"title":"The Cry of the Owl","year":2009},{"directors":[{"id":86}],"genres":[{"id":15},{"id":4},{"id":7}],"imdb":"tt1385824","_id":84,"title":"13B","year":2009},{"directors":[{"id":87}],"genres":[{"id":14},{"id":19},{"id":7}],"imdb":"tt0036775","_id":85,"title":"Double Indemnity","year":1944},{"directors":[{"id":88}],"genres":[{"id":11},{"id":14},{"id":2},{"id":20}],"imdb":"tt0064115","_id":86,"title":"Butch Cassidy and the Sundance Kid","year":1969},{"directors":[{"id":89}],"genres":[{"id":14},{"id":2},{"id":4},{"id":3},{"id":7}],"imdb":"tt1305806","_id":87,"title":"El secreto de sus ojos","year":2009},{"directors":[{"id":90}],"genres":[{"id":9},{"id":2},{"id":10}],"imdb":"tt0083789","_id":88,"title":"Danton","year":1983},{"directors":[{"id":91}],"genres":[{"id":14},{"id":2}],"imdb":"tt0064276","_id":89,"title":"Easy Rider","year":1969},{"directors":[{"id":92}],"genres":[{"id":5},{"id":6},{"id":7}],"imdb":"tt0986263","_id":90,"title":"Surrogates","year":2009},{"directors":[{"id":81}],"genres":[{"id":14},{"id":2},{"id":7}],"imdb":"tt0072890","_id":91,"title":"Dog Day Afternoon","year":1975},{"directors":[{"id":93}],"genres":[{"id":2}],"imdb":"tt0044081","_id":92,"title":"A Streetcar Named Desire","year":1951},{"directors":[{"id":87}],"genres":[{"id":2},{"id":19}],"imdb":"tt0043014","_id":93,"title":"Sunset Blvd.","year":1950},{"directors":[{"id":81}],"genres":[{"id":2}],"imdb":"tt0074958","_id":94,"title":"Network","year":1976},{"directors":[{"id":94}],"genres":[{"id":14},{"id":4},{"id":3},{"id":7}],"imdb":"tt0052357","_id":95,"title":"Vertigo","year":1958},{"directors":[{"id":95}],"genres":[{"id":2}],"imdb":"tt0374546","_id":96,"title":"Bom yeoreum gaeul gyeoul geurigo bom","year":2003},{"directors":[{"id":96}],"genres":[{"id":6},{"id":15}],"imdb":"tt0047573","_id":97,"title":"Them!","year":1954},{"directors":[{"id":95}],"genres":[{"id":14},{"id":2},{"id":3}],"imdb":"tt0423866","_id":98,"title":"Bin-jip","year":2004},{"directors":[{"id":97}],"genres":[{"id":2},{"id":3}],"imdb":"tt0428870","_id":99,"title":"Nae meorisokui jiwoogae","year":2004},{"directors":[{"id":95}],"genres":[{"id":2},{"id":3}],"imdb":"tt0456470","_id":100,"title":"Hwal","year":2005},{"directors":[{"id":98}],"genres":[{"id":2}],"imdb":"tt1499666","_id":101,"title":"Kimssi pyoryugi","year":2009},{"directors":[{"id":99}],"genres":[{"id":2}],"imdb":"tt1366981","_id":102,"title":"Uzak İhtimal","year":2009},{"directors":[{"id":100},{"id":101}],"genres":[{"id":5},{"id":2},{"id":15},{"id":6},{"id":7}],"imdb":"tt0433362","_id":103,"title":"Daybreakers","year":2009},{"directors":[{"id":95}],"genres":[{"id":2},{"id":17},{"id":4},{"id":3}],"imdb":"tt1165253","_id":104,"title":"Bin-mong","year":2008},{"directors":[{"id":102}],"genres":[{"id":2},{"id":4},{"id":7}],"imdb":"tt0364569","_id":105,"title":"Oldboy","year":2003},{"directors":[{"id":103}],"genres":[{"id":2},{"id":3}],"imdb":"tt0896529","_id":106,"title":"Cairo Time","year":2009},{"directors":[{"id":104}],"genres":[{"id":2}],"imdb":"tt1286165","_id":107,"title":"Pazar - Bir Ticaret Masalı","year":2008},{"directors":[{"id":105}],"genres":[{"id":21},{"id":2}],"imdb":"tt1313104","_id":108,"title":"The Cove","year":2009},{"directors":[{"id":106}],"genres":[{"id":14},{"id":2},{"id":7}],"imdb":"tt0494864","_id":109,"title":"Tenderness","year":2009},{"directors":[{"id":107}],"genres":[{"id":2},{"id":13}],"imdb":"tt1028532","_id":110,"title":"Hachiko: A Dogs Story","year":2009},{"directors":[{"id":108}],"genres":[{"id":11},{"id":2},{"id":20},{"id":5}],"imdb":"tt0040897","_id":111,"title":"The Treasure of the Sierra Madre","year":1948},{"directors":[{"id":109}],"genres":[{"id":5},{"id":1},{"id":17},{"id":3}],"imdb":"tt0070354","_id":112,"title":"Le magnifique","year":1973},{"directors":[{"id":110}],"genres":[{"id":1}],"imdb":"tt0063415","_id":113,"title":"The Party","year":1968},{"directors":[{"id":111}],"genres":[{"id":2},{"id":15},{"id":4},{"id":6}],"imdb":"tt0362478","_id":114,"title":"The Box","year":2009},{"directors":[{"id":112}],"genres":[{"id":2}],"imdb":"tt0780511","_id":115,"title":"Everybodys Fine","year":2009},{"directors":[{"id":113}],"genres":[{"id":2},{"id":3}],"imdb":"tt1144551","_id":116,"title":"Peter and Vandy","year":2009},{"directors":[{"id":94}],"genres":[{"id":15},{"id":4},{"id":7}],"imdb":"tt0054215","_id":117,"title":"Psycho","year":1960},{"directors":[{"id":114}],"genres":[{"id":1}],"imdb":"tt1247704","_id":118,"title":"Women in Trouble","year":2009},{"directors":[{"id":115}],"genres":[{"id":5},{"id":11}],"imdb":"tt0047478","_id":119,"title":"Shichinin no samurai","year":1954},{"directors":[{"id":116}],"genres":[{"id":1},{"id":2},{"id":3}],"imdb":"tt0293715","_id":120,"title":"Yeopgijeogin geunyeo","year":2001},{"directors":[{"id":95}],"genres":[{"id":2}],"imdb":"tt0397619","_id":121,"title":"Samaria","year":2004},{"directors":[{"id":94}],"genres":[{"id":14},{"id":4},{"id":7}],"imdb":"tt0046912","_id":122,"title":"Dial M for Murder","year":1954},{"directors":[{"id":117}],"genres":[{"id":14},{"id":2}],"imdb":"tt1235166","_id":123,"title":"Un prophète","year":2009},{"directors":[{"id":118}],"genres":[{"id":1},{"id":2}],"imdb":"tt1183921","_id":124,"title":"The Vicious Kind","year":2009},{"directors":[{"id":102}],"genres":[{"id":2},{"id":15},{"id":3}],"imdb":"tt0762073","_id":125,"title":"Bakjwi","year":2009},{"directors":[{"id":119}],"genres":[{"id":1},{"id":2},{"id":3}],"imdb":"tt1193138","_id":126,"title":"Up in the air","year":2009},{"directors":[{"id":120}],"genres":[{"id":2},{"id":15},{"id":4},{"id":7}],"imdb":"tt0074806","_id":127,"title":"The Little Girl Who Lives Down the Lane","year":1976},{"directors":[{"id":121}],"genres":[{"id":14},{"id":2},{"id":7}],"imdb":"tt1197624","_id":128,"title":"Law Abiding Citizen","year":2009},{"directors":[{"id":122}],"genres":[{"id":2},{"id":22},{"id":3}],"imdb":"tt0875034","_id":129,"title":"Nine","year":2009},{"directors":[{"id":123}],"genres":[{"id":5},{"id":2},{"id":7},{"id":8}],"imdb":"tt0887912","_id":131,"title":"The Hurt Locker","year":2008},{"directors":[{"id":124}],"genres":[{"id":2},{"id":9},{"id":18}],"imdb":"tt0821642","_id":132,"title":"The Soloist","year":2009},{"directors":[{"id":125}],"genres":[{"id":11},{"id":2},{"id":10},{"id":3}],"imdb":"tt1186830","_id":133,"title":"Agora","year":2009},{"directors":[{"id":126}],"genres":[{"id":1}],"imdb":"tt1220220","_id":134,"title":"Motherhood","year":2009},{"directors":[{"id":127}],"genres":[{"id":5},{"id":20}],"imdb":"tt0065214","_id":135,"title":"The Wild Brunch","year":1969},{"directors":[{"id":128}],"genres":[{"id":1}],"imdb":"tt1523515","_id":136,"title":"Neşeli Hayat","year":2009},{"directors":[{"id":129}],"genres":[{"id":2}],"imdb":"tt1226232","_id":137,"title":"The Greatest","year":2009},{"directors":[{"id":130}],"genres":[{"id":2}],"imdb":"tt1370212","_id":138,"title":"My Only Sunshine","year":2008},{"directors":[{"id":131}],"genres":[{"id":2},{"id":7}],"imdb":"tt0094608","_id":139,"title":"The Accused","year":1988},{"directors":[{"id":132}],"genres":[{"id":5},{"id":2},{"id":8}],"imdb":"tt0092965","_id":140,"title":"Empire of the Sun","year":1987},{"directors":[{"id":133}],"genres":[{"id":14},{"id":2},{"id":3}],"imdb":"tt0086066","_id":141,"title":"The Outsiders","year":1983},{"directors":[{"id":134}],"genres":[{"id":5},{"id":14},{"id":2},{"id":7}],"imdb":"tt1300851","_id":142,"title":"The Boondock Saints II: All Saints Day","year":2009},{"directors":[{"id":135}],"genres":[{"id":5},{"id":14},{"id":7}],"imdb":"tt1179034","_id":143,"title":"From Paris with Love","year":2010},{"directors":[{"id":136}],"genres":[{"id":14},{"id":2},{"id":3},{"id":7}],"imdb":"tt0110005","_id":144,"title":"Heavenly Creatures","year":1994},{"directors":[{"id":137}],"genres":[{"id":2},{"id":3}],"imdb":"tt1134629","_id":145,"title":"The Private Lives of Pippa Lee","year":2009},{"directors":[{"id":138},{"id":51}],"genres":[{"id":11},{"id":17},{"id":4},{"id":1},{"id":8}],"imdb":"tt1054606","_id":146,"title":"The Imaginarium of Doctor Parnassus","year":2009},{"directors":[],"genres":[],"imdb":"tt1234548","_id":147,"title":"The Men Who Stare at Goats","year":2009},{"directors":[{"id":139},{"id":140}],"genres":[{"id":12},{"id":13}],"imdb":"tt0844471","_id":148,"title":"Cloudy with a Chance of Meatballs","year":2009},{"directors":[{"id":141},{"id":142}],"genres":[{"id":12},{"id":13},{"id":17},{"id":22},{"id":3}],"imdb":"tt0780521","_id":149,"title":"The Princess and the Frog","year":2009},{"directors":[{"id":143}],"genres":[{"id":2}],"imdb":"tt1174732","_id":150,"title":"An Education","year":2009},{"directors":[{"id":144}],"genres":[{"id":5},{"id":11},{"id":6}],"imdb":"tt0499549","_id":151,"title":"Avatar","year":2009},{"directors":[{"id":144}],"genres":[{"id":5},{"id":11},{"id":6}],"imdb":"tt0499549","_id":152,"title":"Avatar 3D","year":2009},{"directors":[{"id":145}],"genres":[{"id":2}],"imdb":"tt0929632","_id":153,"title":"Precious: Based on the Novel Push by Sapphire","year":2009},{"directors":[{"id":146}],"genres":[{"id":2},{"id":16}],"imdb":"tt0878804","_id":154,"title":"The Blind Side","year":2009},{"directors":[{"id":147}],"genres":[{"id":2},{"id":17},{"id":15},{"id":3}],"imdb":"tt1259571","_id":155,"title":"New Moon","year":2009},{"directors":[{"id":148}],"genres":[{"id":12},{"id":11},{"id":1},{"id":13}],"imdb":"tt0432283","_id":156,"title":"Fantastic Mr. Fox","year":2009},{"directors":[{"id":149}],"genres":[{"id":5},{"id":11},{"id":14},{"id":2},{"id":4},{"id":7}],"imdb":"tt0988045","_id":157,"title":"Sherlock Holmes","year":2009},{"directors":[{"id":150}],"genres":[{"id":2},{"id":3}],"imdb":"tt0102494","_id":158,"title":"My Own Private Idaho","year":1991},{"directors":[{"id":151}],"genres":[{"id":11},{"id":2},{"id":7}],"imdb":"tt0898367","_id":159,"title":"The Road","year":2009},{"directors":[{"id":152},{"id":62}],"genres":[{"id":2},{"id":14},{"id":4},{"id":7}],"imdb":"tt1080716","_id":160,"title":"Karamazovi","year":2008},{"directors":[],"genres":[],"imdb":"tt1132620","_id":161,"title":"Män som hatar kvinnor","year":2009},{"directors":[{"id":153}],"genres":[{"id":14},{"id":15},{"id":7}],"imdb":"tt0844479","_id":162,"title":"The Collector","year":2009},{"directors":[{"id":154}],"genres":[{"id":1},{"id":2},{"id":13}],"imdb":"tt0118849","_id":163,"title":"Bacheha-Ye aseman","year":1997},{"directors":[{"id":155}],"genres":[{"id":2},{"id":3}],"imdb":"tt0468704","_id":164,"title":"Deiji","year":2006},{"directors":[{"id":156}],"genres":[{"id":1},{"id":14},{"id":2},{"id":7}],"imdb":"tt1151359","_id":165,"title":"Leaves of Grass","year":2009},{"directors":[{"id":157}],"genres":[{"id":14},{"id":2},{"id":7}],"imdb":"tt0086250","_id":166,"title":"Scarface","year":1983},{"directors":[{"id":158}],"genres":[{"id":2},{"id":4},{"id":3},{"id":7}],"imdb":"tt0324554","_id":167,"title":"Wicker Park","year":2004},{"directors":[{"id":159}],"genres":[{"id":2},{"id":4},{"id":3}],"imdb":"tt0115561","_id":168,"title":"L appartement","year":1996},{"directors":[{"id":160}],"genres":[{"id":5},{"id":14},{"id":2},{"id":7}],"imdb":"tt1210042","_id":169,"title":"Brooklyns Finest","year":2009},{"directors":[{"id":161}],"genres":[{"id":17}],"imdb":"tt1461312","_id":170,"title":"Alice","year":2009},{"directors":[{"id":162}],"genres":[{"id":3},{"id":7}],"imdb":"tt1135487","_id":171,"title":"Duplicity","year":2009},{"directors":[{"id":163}],"genres":[{"id":14},{"id":2},{"id":7}],"imdb":"tt1289406","_id":172,"title":"Harry Brown","year":2009},{"directors":[{"id":164}],"genres":[{"id":1},{"id":2},{"id":3}],"imdb":"tt0364517","_id":173,"title":"Jeux Denfants","year":2003},{"directors":[{"id":165}],"genres":[{"id":1},{"id":2}],"imdb":"tt1303828","_id":174,"title":"Defendor","year":2009},{"directors":[{"id":166}],"genres":[{"id":2},{"id":7}],"imdb":"tt1226273","_id":175,"title":"Edge of Darkness","year":2010},{"directors":[{"id":167}],"genres":[{"id":1},{"id":17},{"id":3}],"imdb":"tt0425123","_id":176,"title":"Just Like Heaven","year":2005},{"directors":[{"id":168}],"genres":[{"id":2},{"id":17},{"id":3},{"id":6}],"imdb":"tt0212712","_id":177,"title":"2046","year":2004},{"directors":[{"id":169}],"genres":[{"id":2},{"id":7},{"id":8}],"imdb":"tt0765010","_id":178,"title":"Brothers","year":2009},{"directors":[{"id":170}],"genres":[{"id":2},{"id":18},{"id":3}],"imdb":"tt1263670","_id":179,"title":"Crazy Heart","year":2009},{"directors":[{"id":171}],"genres":[{"id":14},{"id":2},{"id":4},{"id":7}],"imdb":"tt1130884","_id":180,"title":"Shutter Island","year":2010},{"directors":[{"id":172}],"genres":[{"id":2}],"imdb":"tt1512894","_id":181,"title":"Kıskanmak","year":2009},{"directors":[{"id":173}],"genres":[{"id":14},{"id":2},{"id":4}],"imdb":"tt1149362","_id":182,"title":"Das weisse Band - Eine deutsche Kindergeschichte","year":2009},{"directors":[{"id":136}],"genres":[{"id":14},{"id":2},{"id":17},{"id":15},{"id":7}],"imdb":"tt0380510","_id":183,"title":"The Lovely Bones","year":2009},{"directors":[{"id":174}],"genres":[{"id":2}],"imdb":"tt1426361","_id":184,"title":"Eastern Plays","year":2009},{"directors":[{"id":175}],"genres":[{"id":1},{"id":17},{"id":3}],"imdb":"tt0995039","_id":185,"title":"Ghost Town","year":2008},{"directors":[{"id":176}],"genres":[{"id":2},{"id":18}],"imdb":"tt0181875","_id":186,"title":"Almost Famous","year":2000},{"directors":[{"id":177}],"genres":[{"id":6}],"imdb":"tt0381940","_id":187,"title":"Cargo","year":2009},{"directors":[{"id":178}],"genres":[{"id":2},{"id":10},{"id":3},{"id":7},{"id":8}],"imdb":"tt1319694","_id":188,"title":"Glorious 39","year":2009},{"directors":[{"id":179}],"genres":[{"id":2},{"id":7}],"imdb":"tt1097643","_id":189,"title":"Fifty Dead Men Walking","year":2009},{"directors":[{"id":180}],"genres":[{"id":9},{"id":2}],"imdb":"tt0758751","_id":190,"title":"Grey Gardens","year":2009},{"directors":[{"id":181}],"genres":[{"id":5},{"id":1},{"id":14},{"id":3}],"imdb":"tt1038919","_id":191,"title":"The Bounty Hunter","year":2010},{"directors":[{"id":62}],"genres":[{"id":2}],"imdb":"tt1065318","_id":192,"title":"To Verdener","year":2008},{"directors":[{"id":182}],"genres":[{"id":1},{"id":2},{"id":7}],"imdb":"tt1558877","_id":193,"title":"Vavien","year":2009},{"directors":[{"id":183}],"genres":[{"id":20}],"imdb":"tt0032983","_id":194,"title":"The Return of Frank James","year":1940},{"directors":[{"id":184}],"genres":[{"id":2},{"id":8}],"imdb":"tt1483831","_id":195,"title":"Lebanon","year":2009},{"directors":[{"id":185}],"genres":[{"id":5},{"id":11},{"id":13},{"id":17},{"id":4},{"id":3}],"imdb":"tt0417741","_id":196,"title":"Harry Potter and the Half-Blood Prince","year":2009},{"directors":[{"id":186}],"genres":[{"id":2}],"imdb":"tt1224373","_id":197,"title":"Slovenka","year":2009},{"directors":[{"id":187}],"genres":[{"id":2},{"id":7}],"imdb":"tt1361326","_id":198,"title":"9:06","year":2009},{"directors":[{"id":188}],"genres":[{"id":14},{"id":4},{"id":7},{"id":2}],"imdb":"tt0075675","_id":199,"title":"Der amerikanische Freund","year":1977},{"directors":[{"id":189}],"genres":[{"id":5},{"id":6}],"imdb":"tt1282015","_id":200,"title":"2081","year":2009},{"directors":[{"id":107}],"genres":[{"id":2},{"id":3},{"id":8}],"imdb":"tt0989757","_id":201,"title":"Dear John","year":2010},{"directors":[{"id":190}],"genres":[{"id":1},{"id":2},{"id":3}],"imdb":"tt0772157","_id":202,"title":"Broken English","year":2007},{"directors":[{"id":191}],"genres":[{"id":2},{"id":4},{"id":7}],"imdb":"tt0076299","_id":203,"title":"The Last Wave","year":1977},{"directors":[{"id":133}],"genres":[{"id":14},{"id":2},{"id":7}],"imdb":"tt0119978","_id":204,"title":"The Rainmaker","year":1997},{"directors":[{"id":116}],"genres":[{"id":3}],"imdb":"tt0348568","_id":205,"title":"Keulraesik","year":2003},{"directors":[{"id":192}],"genres":[{"id":2},{"id":4}],"imdb":"tt0910905","_id":206,"title":"The Electric Mist","year":2009},{"directors":[{"id":193}],"genres":[{"id":1},{"id":2},{"id":3}],"imdb":"tt1133993","_id":207,"title":"Serious Moonlight","year":2009},{"directors":[{"id":194}],"genres":[{"id":12},{"id":5},{"id":11},{"id":1},{"id":13}],"imdb":"tt0268380","_id":208,"title":"Ice Age","year":2002},{"directors":[{"id":195}],"genres":[{"id":12},{"id":5},{"id":11},{"id":1},{"id":13}],"imdb":"tt0438097","_id":209,"title":"Ice Age: The Meltdown","year":2006},{"directors":[{"id":195}],"genres":[{"id":12},{"id":5},{"id":11},{"id":1},{"id":13},{"id":3}],"imdb":"tt1080016","_id":210,"title":"Ice Age: Dawn of the Dinosaurs","year":2009},{"directors":[{"id":196}],"genres":[{"id":2},{"id":4},{"id":7}],"imdb":"tt1379222","_id":211,"title":"La doppia ora","year":2009},{"directors":[{"id":197}],"genres":[{"id":2}],"imdb":"tt1315981","_id":212,"title":"A Single Man","year":2009},{"directors":[{"id":198}],"genres":[{"id":2}],"imdb":"tt1183665","_id":213,"title":"Cracks","year":2009},{"directors":[{"id":199},{"id":200}],"genres":[{"id":1},{"id":2},{"id":4},{"id":1},{"id":3},{"id":1},{"id":1},{"id":1},{"id":1},{"id":1},{"id":1},{"id":1},{"id":1},{"id":1}],"imdb":"tt1105512","_id":214,"title":"The Missing Person","year":2009},{"directors":[{"id":201}],"genres":[{"id":2}],"imdb":"tt1244659","_id":215,"title":"Extraordinary Measures","year":2010},{"directors":[{"id":202}],"genres":[{"id":1},{"id":3}],"imdb":"tt1216492","_id":216,"title":"Leap Year","year":2010},{"directors":[{"id":203}],"genres":[{"id":9},{"id":2},{"id":18}],"imdb":"tt1266029","_id":217,"title":"Nowhere Boy","year":2009},{"directors":[{"id":204}],"genres":[{"id":1},{"id":20}],"imdb":"tt1567448","_id":218,"title":"Yahşi Batı","year":2010},{"directors":[{"id":205},{"id":206}],"genres":[{"id":2},{"id":1},{"id":3}],"imdb":"tt1330591","_id":219,"title":"Sonbahar","year":2008},{"directors":[{"id":207}],"genres":[{"id":5},{"id":2},{"id":10},{"id":3},{"id":20}],"imdb":"tt0108358","_id":220,"title":"Tombstone","year":1993},{"directors":[{"id":208}],"genres":[{"id":2},{"id":4},{"id":7}],"imdb":"tt0494271","_id":221,"title":"La Sconosciuta","year":2006},{"directors":[{"id":209},{"id":210}],"genres":[{"id":1},{"id":2}],"imdb":"tt1045772","_id":222,"title":"I Love You Phillip Morris","year":2010},{"directors":[{"id":211}],"genres":[{"id":9},{"id":2}],"imdb":"tt1132623","_id":223,"title":"You Dont Know Jack","year":2010},{"directors":[{"id":212}],"genres":[{"id":1},{"id":14},{"id":2},{"id":18}],"imdb":"tt0812243","_id":224,"title":"Ex Drummer","year":2007},{"directors":[{"id":213}],"genres":[{"id":5},{"id":9},{"id":2}],"imdb":"tt1220719","_id":225,"title":"Yip Man","year":2008},{"directors":[{"id":213}],"genres":[{"id":5},{"id":9},{"id":10}],"imdb":"tt1386932","_id":226,"title":"Yip Man 2: Chung si chuen kei","year":2010},{"directors":[{"id":214}],"genres":[{"id":11},{"id":13},{"id":17}],"imdb":"tt1014759","_id":227,"title":"Alice in Wonderland","year":2010},{"directors":[{"id":215}],"genres":[{"id":2},{"id":7}],"imdb":"tt1352824","_id":228,"title":"Chloe","year":2009},{"directors":[{"id":216}],"genres":[{"id":2},{"id":3}],"imdb":"tt0974554","_id":229,"title":"Elegy","year":2008},{"directors":[{"id":217}],"genres":[{"id":2}],"imdb":"tt0416292","_id":230,"title":"Voditel dlya Very","year":2004},{"directors":[{"id":218}],"genres":[{"id":1},{"id":3}],"imdb":"tt1587263","_id":231,"title":"Romantik Komedi","year":2010},{"directors":[{"id":219}],"genres":[{"id":9},{"id":2},{"id":10},{"id":8}],"imdb":"tt1586001","_id":232,"title":"Veda","year":2010},{"directors":[{"id":220}],"genres":[{"id":15},{"id":7}],"imdb":"tt1127180","_id":233,"title":"Drag Me to Hell","year":2009},{"directors":[{"id":87}],"genres":[{"id":1},{"id":2},{"id":8}],"imdb":"tt0046359","_id":234,"title":"Stalag 17","year":1953},{"directors":[{"id":221}],"genres":[{"id":14},{"id":2}],"imdb":"tt1133991","_id":235,"title":"What Doesnt Kill You","year":2008},{"directors":[{"id":222}],"genres":[{"id":2},{"id":18}],"imdb":"tt0948535","_id":236,"title":"Faubourg 36","year":2008},{"directors":[{"id":223}],"genres":[{"id":2},{"id":3}],"imdb":"tt0107002","_id":237,"title":"Germinal","year":1993},{"directors":[{"id":169}],"genres":[{"id":9},{"id":2}],"imdb":"tt0097937","_id":238,"title":"My Left Foot: The Story of Christy Brown","year":1989},{"directors":[{"id":224}],"genres":[{"id":11},{"id":14},{"id":2},{"id":7}],"imdb":"tt1127715","_id":239,"title":"Sin Nombre","year":2010},{"directors":[{"id":225}],"genres":[{"id":2}],"imdb":"tt1221188","_id":240,"title":"Eloïse","year":2009},{"directors":[{"id":226}],"genres":[{"id":2}],"imdb":"tt1513713","_id":241,"title":"Başka Dilde Aşk","year":2009},{"directors":[{"id":227},{"id":228}],"genres":[{"id":5},{"id":11},{"id":2},{"id":7},{"id":20}],"imdb":"tt1037705","_id":242,"title":"The Book of Eli","year":2010},{"directors":[{"id":229}],"genres":[{"id":2}],"imdb":"tt1371630","_id":243,"title":"Air Doll","year":2009},{"directors":[{"id":230}],"genres":[{"id":5},{"id":11},{"id":2},{"id":17},{"id":7}],"imdb":"tt0384819","_id":244,"title":"Azumi","year":2003},{"directors":[{"id":231}],"genres":[{"id":5}],"imdb":"tt0431641","_id":245,"title":"Azumi 2: Death or Love","year":2005},{"directors":[{"id":232}],"genres":[{"id":2},{"id":7}],"imdb":"tt0914863","_id":246,"title":"Unthinkable","year":2010},{"directors":[{"id":241}],"genres":[],"imdb":"tt0892791","_id":255,"title":"Shrek Forever After","year":2010},{"directors":[],"genres":[{"id":9},{"id":2},{"id":16}],"imdb":"tt0453562","_id":256,"title":"42","year":2013},{"directors":[{"id":242}],"genres":[{"id":9},{"id":2},{"id":16}],"imdb":"tt0453562","_id":257,"title":"42","year":2013},{"directors":[{"id":243}],"genres":[{"id":9},{"id":2},{"id":16}],"imdb":"tt0453562","_id":258,"title":"42","year":2013},{"directors":[{"id":244}],"genres":[{"id":9},{"id":2},{"id":16}],"imdb":"tt0453562","_id":259,"title":"42","year":2013}]